{
  "results": [
    {
      "command": "zsh",
      "mean": 9.068801989939999,
      "stddev": 0.675318928963093,
      "median": 8.80039550864,
      "user": 0.12262247999999998,
      "system": 0.6008212599999999,
      "min": 8.39186623314,
      "max": 10.24085068314,
      "times": [
        8.66943804614,
        9.26733918814,
        8.39186623314,
        10.10470782214,
        9.44345879414,
        8.52405767314,
        10.24085068314,
        8.453472271139999,
        8.931352971139999,
        8.661476217139999
      ],
      "memory_usage_byte": [
        7569408,
        7569408,
        7569408,
        7569408,
        7569408,
        7569408,
        7569408,
        7569408,
        7569408,
        7569408
      ],
      "exit_codes": [
        0,
        0,
        0,
        0,
        0,
        0,
        0,
        0,
        0,
        0
      ]
    },
    {
      "command": "bash",
      "mean": 0.06908087590190475,
      "stddev": 0.017203084501258323,
      "median": 0.06623290964,
      "user": 0.0377856419047619,
      "system": 0.01953667904761905,
      "min": 0.05600762914000001,
      "max": 0.16679660714000002,
      "times": [
        0.06865016114,
        0.059591113140000006,
        0.06107978614,
        0.06857440314,
        0.06814851014,
        0.07174390214,
        0.06670930913999999,
        0.06709387814,
        0.06269972914,
        0.06575651014,
        0.058522916140000006,
        0.06105194214,
        0.06259062414,
        0.057416480140000004,
        0.05998282314,
        0.060092618140000005,
        0.05774926114000001,
        0.05809843814000001,
        0.06300880014,
        0.058628117140000005,
        0.058775106140000005,
        0.05600762914000001,
        0.06312161814,
        0.06929759214,
        0.06448813014,
        0.06998562014,
        0.06218355314000001,
        0.059848077140000004,
        0.16679660714000002,
        0.08878960314,
        0.08135459814,
        0.07487515114,
        0.07968763914,
        0.07524978814,
        0.08348257914,
        0.07072269114,
        0.06785748513999999,
        0.06949043814,
        0.07392108314,
        0.06560191614,
        0.07074549114,
        0.07192506813999999
      ],
      "memory_usage_byte": [
        75001856,
        75001856,
        75001856,
        75001856,
        75001856,
        75001856,
        75001856,
        75001856,
        75001856,
        75001856,
        75001856,
        75001856,
        75001856,
        75001856,
        75001856,
        75001856,
        75001856,
        75001856,
        75001856,
        75001856,
        75001856,
        75001856,
        75001856,
        75001856,
        75001856,
        75001856,
        75001856,
        75001856,
        75001856,
        75001856,
        75001856,
        75001856,
        75001856,
        75001856,
        75001856,
        75001856,
        75001856,
        75001856,
        75001856,
        75001856,
        75001856,
        75001856
      ],
      "exit_codes": [
        0,
        0,
        0,
        0,
        0,
        0,
        0,
        0,
        0,
        0,
        0,
        0,
        0,
        0,
        0,
        0,
        0,
        0,
        0,
        0,
        0,
        0,
        0,
        0,
        0,
        0,
        0,
        0,
        0,
        0,
        0,
        0,
        0,
        0,
        0,
        0,
        0,
        0,
        0,
        0,
        0,
        0
      ]
    }
  ]
}
